{
  "pct_safe": 80.0923146979074,
  "pct_unsafe": 19.907685302092602,
  "num-expert-states": {
    "all": 48313,
    "safe": 38695,
    "unsafe": 9618
  },
  "num-samp-states": {
    "all": 0,
    "safe": 0,
    "unsafe": 0
  },
  "num-total-states": {
    "all": 48313,
    "safe": 38695,
    "unsafe": 9618
  }
}